<Root>
	<Application>
		<!-- Uncomment to set application level timeout values
		<ApplicationTimeout>60000</ApplicationTimeout>
		<PingTimeout>12000</PingTimeout>
		<ValidationFrequency>8000</ValidationFrequency>
		<MaximumPendingWriteBytes>0</MaximumPendingWriteBytes>
		-->
		<Connections>
			<AutoAccept>true</AutoAccept>
			<AllowDomains></AllowDomains>
		</Connections>
		<!--
			StorageDir path variables
			
			${com.wowza.wms.AppHome} - Application home directory
			${com.wowza.wms.ConfigHome} - Configuration home directory
			${com.wowza.wms.context.VHost} - Virtual host name
			${com.wowza.wms.context.Application} - Application name
			${com.wowza.wms.context.ApplicationInstance} - Application instance name
			
		-->
		<Streams>
			<StreamType>default</StreamType>
			<StorageDir>${com.wowza.wms.AppHome}/content</StorageDir>
			<Properties>
				<!-- Properties defined here will override any properties defined in conf/Streams.xml for any streams types loaded by this application -->
				<!--
				<Property>
					<Name></Name>
					<Value></Value>
				</Property>
				-->
			</Properties>
		</Streams>
		<SharedObjects>
			<StorageDir></StorageDir>
		</SharedObjects>
		<Client>
			<IdleFrequency>-1</IdleFrequency>
			<Access>
				<StreamReadAccess>*</StreamReadAccess>
				<StreamWriteAccess>*</StreamWriteAccess>
				<StreamAudioSampleAccess></StreamAudioSampleAccess>
				<StreamVideoSampleAccess></StreamVideoSampleAccess>
				<SharedObjectReadAccess>*</SharedObjectReadAccess>
				<SharedObjectWriteAccess>*</SharedObjectWriteAccess>
			</Access>
		</Client>
		<RTP>
			<!-- RTP/Authentication/Methods defined in Authentication.xml. Default setup includes; none, basic, digest -->
			<Authentication>
				<Method>digest</Method>
			</Authentication>
			<!-- RTP/AVSyncMethod. Valid values are: senderreport, systemclock, rtptimecode -->
			<AVSyncMethod>senderreport</AVSyncMethod>
			<MaxRTCPWaitTime>12000</MaxRTCPWaitTime>
		</RTP>
		<MediaCaster>
			<Properties>
				<!-- Properties defined here will override any properties defined in conf/MediaCasters.xml for any MediaCasters loaded by this applications -->
				<!--
				<Property>
					<Name></Name>
					<Value></Value>
				</Property>
				-->
			</Properties>
		</MediaCaster>
		<!-- 
		<Repeater>
			<OriginURL></OriginURL>
		</Repeater> 
		-->
		<Modules>
			<Module>
				<Name>base</Name>
				<Description>Base</Description>
				<Class>com.wowza.wms.module.ModuleCore</Class>
			</Module>
			<Module>
				<Name>properties</Name>
				<Description>Properties</Description>
				<Class>com.wowza.wms.module.ModuleProperties</Class>
			</Module>
			<Module>
				<Name>logging</Name>
				<Description>Client Logging</Description>
				<Class>com.wowza.wms.module.ModuleClientLogging</Class>
			</Module>
			<Module>
				<Name>flvplayback</Name>
				<Description>FLVPlayback</Description>
				<Class>com.wowza.wms.module.ModuleFLVPlayback</Class>
			</Module> 
			<!-- The server Module custom made -->
			<Module>
				<Name>customServerAudioRecorder</Name>
				<Description>Server AudioRecorder</Description>
				<Class>net.naicu.audiorecorder.AudioRecorder</Class>
			</Module>
		</Modules>
	</Application>
</Root>
